Customer_Id,Customer_name,Customer_contact,Gender,Customer_birth
1,"Thomas, Matthew",043-764-7536,Male,5-Dec-2003
2,"Rios, Felicia",015-854-2596,Female,20-Feb-1967
3,"Carrillo Vargas, Christopher",027-831-8657,Female,19-May-1999
4,"Quintana, Alex",013-354-3725,Female,1-Apr-1994
5,"Altman, Rajiv",053-913-6842,Female,14-Nov-1985
6,"Snipes, Nicole",076-976-1265,Female,20-Dec-1978
7,"Wang, Raqim",067-538-3957,Female,10-Jun-1971
8,"Lor, Emily",043-431-2548,Female,26-Sep-1993
9,"Zhen, Kenny",054-142-1836,Female,24-Oct-1950
10,"Verbonitz, Justice",048-653-6394,Female,29-Jan-1997
11,"Hernandez, Fabian",019-723-3491,Male,17-Mar-1973
12,"Bochmann, Alec",051-857-5764,Male,10-May-1985
13,"Edwards, Jessica",098-765-9528,Male,30-Mar-2002
14,"Shrestha, Sin-Woo",019-193-6439,Female,2-Feb-1966
15,"Winans-Clark, Desiree",015-514-9136,Male,23-Sep-1969
16,"Castillo, Fernando",018-957-9763,Female,2-Jun-1960
17,"Sobhi, Sheng",026-967-1295,Male,9-Feb-1971
18,"Rodriguez, Brandyn",045-217-6158,Male,14-Mar-1957
19,"Ware, Domenic",058-834-3657,Male,21-Mar-1993
20,"Low, Nehal",035-354-6197,Male,31-Jan-1977
21,"Nguyen, Malia",032-439-1285,Male,5-Apr-1976
22,"Loya, Lauren",065-741-7238,Male,15-Mar-1958
23,"Nguyen, Fane",062-542-5786,Female,25-Apr-1960
24,"Le, Sara",095-642-5791,Female,10-Nov-1960
25,"Tran, Setu",031-958-7394,Female,7-Oct-1953
26,"Lane, Iesha",025-654-6342,Male,22-Jun-1980
27,"Diaz, Jamie",069-821-7526,Male,17-Jan-1988
28,"Gonzalez, Sierra",096-456-3497,Female,16-Jan-1978
29,"Blue, De Andre",029-342-3162,Male,30-May-1953
30,"Martinez, Marissa",085-365-9238,Female,17-Apr-1959
31,"Thomas, Jonae",043-629-1968,Male,10-Mar-1982
32,"Sago, Cravaughn",073-672-4387,Male,2-Apr-1979
33,"Johnson, Taylor",047-631-7491,Male,14-Jul-1996
34,"Healy, Malik",056-247-5913,Female,28-Apr-1981
35,"Eschino, Mitchell",014-425-1492,Female,19-May-1985
36,"Fang, Chau",061-695-3145,Female,20-Sep-1995
37,"Mcgoveran, Maris",075-263-6142,Female,12-Sep-1993
38,"Archuleta, Maria",067-278-6845,Female,12-Jul-1951
39,"Knight, Bryce",013-341-5947,Male,23-Dec-1983
40,"Mcintyre, Jasmine",098-163-4635,Female,13-Jan-1978
41,"Llamas Hernandez, Kimberly",086-159-6941,Female,16-Jun-1951
42,"Robertson, Auza",086-627-1697,Male,8-Apr-1962
43,"Gaitonde, Zong",031-139-1293,Female,10-Apr-1953
44,"Keith, Joshua",045-524-8943,Female,16-Sep-1988
45,"Lewis, Takeisha",095-392-6789,Male,4-Feb-1961
46,"Holland, Elijah",038-829-4185,Male,19-Jun-1999
47,"Murillo, Nicholas",093-472-9587,Female,17-Sep-2003
48,"Sun, Andrew",051-732-7823,Male,22-Aug-1971
49,"Wu, Chuong",035-398-4819,Female,4-Nov-1993
50,"Martinez Rosales, Michael",086-932-6927,Female,30-Jun-1978
51,"Tripathi, Shiyan",032-142-1853,Male,7-Nov-1962
52,"Gonzalez, Vincent",072-359-4283,Male,7-Jul-1996
53,"Nguyen, David",037-648-6527,Female,30-Sep-1989
54,"Baros, Juan",082-927-6574,Male,30-Aug-1996
55,"Alequin, Franzin",079-957-5127,Male,22-Apr-1984
56,"Webb, Anthony",084-526-5891,Female,20-Aug-1993
57,"Contino, Samantha",058-172-5487,Male,18-Sep-1972
58,"Fahey, Clovis",097-973-3967,Female,9-Dec-1982
59,"Herrera Martinez, Natalia",016-465-9625,Female,6-Sep-1974
60,"Campa, Alexandria",063-529-3274,Male,30-Jul-1973
61,"Almazbek, Avery",035-328-6258,Male,7-Feb-1954
62,"Hudson, Kevin",056-278-6721,Female,4-Apr-1980
63,"Esparza-Cobos, Trinidad",064-943-9142,Female,16-Dec-1997
64,"Roath, Demitries",061-485-3196,Female,14-Sep-1970
65,"Barnes, Ryan",062-134-7269,Male,1-Aug-1977
66,"Smith, Danny",085-435-9614,Male,19-Apr-1977
67,"Vang, Erin",029-367-6572,Male,22-Oct-1951
68,"Villalvazo Iniguez, Crystal",047-269-3874,Male,3-Jun-1950
69,"Collett, Kevin",058-148-9457,Male,13-Jan-1964
70,"Tejan, A Jhi",073-483-2956,Male,11-Nov-1960
71,"Faulkner, Deshawn",054-518-1657,Male,14-Jul-1991
72,"Betancourt, Olivia",034-693-1532,Female,4-Jun-1964
73,"Carter, Nkaujzoo",091-129-1523,Female,8-Jan-1996
74,"Huynh, Phu",067-412-7263,Female,29-Apr-1975
75,"Ephraim, Shakirra",046-325-4538,Female,8-Apr-1952
76,"Hickey, Seong",036-195-8971,Male,9-Mar-1952
77,"Mendez, Nancy",068-937-1546,Female,18-Jul-1989
78,"Tannahill, Leandra",049-589-3495,Female,7-Mar-1977
79,"Nunez, Emilio",095-928-4536,Male,21-Dec-1958
80,"Nguy, Ji Young",026-127-1276,Female,22-Jul-2001
81,"Armijo, Janet",013-413-4759,Female,26-Oct-1990
82,"Burathoki, Katie",091-274-9786,Male,23-Sep-1993
83,"Behan, Tobby",082-618-7289,Male,27-May-1992
84,"Acosta, Cristian",074-541-9168,Female,12-Jun-1999
85,"Rhee, Khunica",037-491-6784,Male,14-Jun-1993
86,"Scaife, Gabriel",023-695-3596,Female,31-Dec-2001
87,"Jones, Jacory",097-427-4267,Male,8-Jun-1999
88,"Manley, Andrew",043-297-4761,Male,10-Nov-1981
89,"Salazar, Jessica",028-923-5379,Female,1-Apr-1989
90,"Zurun, Jina",048-738-7583,Female,30-Sep-1968
91,"Atilano, Claudia",098-318-1693,Male,11-Aug-2000
92,"Poudyal, Taylor",019-385-8265,Female,11-Nov-1969
93,"West, Tatyanne",074-738-2387,Male,14-Feb-1968
94,"Gomez, Maritza",059-247-9342,Male,20-Dec-1996
95,"Dizon, Matthew",048-879-3578,Female,6-Mar-1964
96,"Teawdeswan, Phi",032-279-8167,Male,17-Feb-1987
97,"Prejean, Malik",049-745-9853,Female,21-Dec-1975
98,"Chau, Aaron",086-265-2819,Male,29-Aug-1998
99,"Martinez, Israel",021-926-7943,Male,2-Jul-1966
100,"Tran, Judy",056-569-7321,Female,12-Oct-2003
101,"Nixon, Travis",045-864-5843,Male,26-Feb-1989
102,"Davis-Cawthorn, Kizmaya",025-978-2571,Male,23-Nov-1961
103,"Meza, Jose",081-754-4267,Male,29-Jan-1965
104,"Moreno, Diana",056-613-2453,Female,25-Dec-2001
105,"Hayes, A'Zhionna",067-346-1495,Female,24-Apr-1953
106,"Kovell, Carlos",092-756-3962,Female,21-Apr-1982
107,"Enhbold, Yeng",015-157-2819,Female,21-Jan-1954
108,"Santos, Caylin",087-354-2917,Male,26-Jun-1965
109,"Watts, Abriana",092-538-4298,Female,28-Feb-1955
110,"Rosenblum, Ian",075-694-7192,Male,21-Aug-1984
111,"Russo, Jordan",026-869-3769,Female,5-Aug-1978
112,"Garcia, Cindy",091-324-5972,Male,29-Aug-1967
113,"Willoughby, Lakshmipriya",049-769-2913,Female,8-Aug-1979
114,"Kalu, Ronald",063-413-7153,Female,2-Apr-1967
115,"Garcilazo, Claudia",017-591-4678,Male,21-Mar-2002
116,"Roberts, Casstagia",085-873-1295,Male,2-Dec-1996
117,"Robles, Kayla",039-419-8675,Male,15-Feb-1966
118,"Canty, Austin",062-941-3452,Female,29-Jan-1956
119,"Rivera-Trujillo, Brianna",091-276-4935,Female,1-Apr-2001
120,"Howarth, Breanna",073-485-2195,Female,29-Jan-1996
121,"Parent, David",019-312-3826,Female,29-Dec-1980
122,"Sameshima, An",079-863-5439,Female,23-Mar-1982
123,"Sasser, Sarah",048-721-3817,Male,6-Nov-1980
124,"Harris, Desiree",041-794-7143,Male,22-May-1985
125,"Montes, Joshua",083-745-9358,Female,14-Dec-2001
126,"Kashino, Lee",056-351-9824,Female,5-Oct-1953
127,"Rodriguez, Ashley",097-837-1734,Female,24-Dec-1971
128,"Dang, Yoona",086-356-8314,Male,6-Aug-1954
129,"Hall, Tracy",035-218-9531,Male,9-Jan-1982
130,"Hood, Christopher",097-621-8476,Female,26-Jan-1958
131,"Le, John",069-327-7345,Male,23-Apr-1953
132,"Baron, Allen",036-953-8675,Male,28-Apr-2001
133,"Loya, Ashlee",021-852-6143,Male,13-Jul-2001
134,"Torain, Aminata",078-286-8173,Female,26-Dec-2001
135,"Garcia, Karla",031-835-8653,Female,22-Oct-1986
136,"Thomas, Michael",096-286-4325,Male,21-Oct-1982
137,"Singh, An",089-768-1268,Female,30-Nov-1977
138,"Corral, Nina",016-489-8621,Male,27-Jul-1980
139,"Chavez, Kevin",056-158-2796,Male,29-Dec-1954
140,"Qadri, Justin",026-437-7183,Female,1-Jul-1986
141,"Johnston, Desiree",072-645-8916,Female,9-Jan-1951
142,"Wang, Alan",045-719-9812,Female,24-Oct-2001
143,"Chounlamany, Megan",072-354-7461,Female,25-Apr-1969
144,"Woods, Josiah",043-259-6832,Female,4-Dec-1983
145,"Carrejo, Daniel",042-518-5874,Female,1-Mar-1956
146,"Cordova, Max",098-841-9763,Male,24-Nov-1978
147,"Lozano, Rodrigo",029-349-6719,Female,15-Nov-1957
148,"Valdez Romero, Legacy",081-984-5237,Male,22-Jul-1954
149,"Tatum, Patricia",094-692-2753,Female,9-Apr-1956
150,"Nguyen, Peter",064-694-6295,Female,7-Aug-1997
151,"Joshi, Monica",052-814-8615,Male,16-Apr-1974
152,"Tran, Ju-Young",021-468-4528,Male,13-May-1967
153,"Villa, Anthony",013-347-3958,Male,6-Dec-1950
154,"Singh, Michael",031-123-1467,Female,29-Nov-1973
155,"Manigold, Joshua",065-837-8247,Female,20-Jan-1972
156,"Duran, Bianca",069-356-9523,Male,7-Mar-1950
157,"Joseph, Kamau",024-539-6912,Male,6-Aug-1999
158,"Becerril, David",014-712-9874,Male,10-Dec-1982
159,"Torres Weitzel Jr, Nikim",065-124-9843,Female,8-Mar-1981
160,"Van, Manulagaeu",075-457-5684,Male,7-Aug-1954
161,"Weldon, Marquis",052-298-2435,Female,25-Apr-1965
162,"Smith, Javail",092-689-6483,Male,31-Aug-1997
163,"Adams, Anthony",019-486-9537,Female,16-Mar-1990
164,"Robinson, Savannah",068-549-8649,Female,7-Oct-1951
165,"Vu, Rebecca",057-694-3987,Male,18-Jan-1984
166,"Naranchuluun, Grady",054-246-8376,Female,8-May-1963
167,"Myagmarsuren, Alexander",027-392-3859,Male,6-Jan-1996
168,"Nguyen, Hitomi",036-964-5327,Female,16-Feb-1958
169,"Hall, Sydnee",068-175-4795,Female,7-Dec-1977
170,"Casias, Mayra",085-469-3628,Female,9-Jul-1999
171,"Sisneros, Juan",045-214-4623,Female,30-Oct-1979
172,"Mathews, Jasmine",072-584-3698,Female,10-Jul-1952
173,"Buice, Genai",015-847-6843,Male,10-Oct-1959
174,"Truong, Joseph",073-653-6738,Male,18-Nov-1958
175,"Watson, Madeline",075-261-1957,Male,17-Aug-1994
176,"Trotter-Brown, Stepfon",081-326-3964,Female,30-Dec-1965
177,"Kim, Hannah",073-391-9316,Female,7-Mar-1987
178,"Kim, Erin",058-462-9387,Male,21-Sep-1968
179,"Portillo, Blanca",038-836-8756,Male,31-Oct-1960
180,"Li, Julia",017-594-3452,Male,29-Jun-1997
181,"Smith, Kevin",065-526-1425,Female,4-Mar-1950
182,"Coleman, Felicia",087-542-8613,Female,31-Mar-1951
183,"Edwards, Latera",025-719-4126,Male,26-Feb-1988
184,"Varela, Francisco",049-562-5967,Male,21-Mar-1974
185,"Sparks, Cody",059-163-3675,Female,16-Apr-1955
186,"Silva, Jose",019-524-7983,Female,12-Oct-1990
187,"Rodriguez, Aylicia",098-254-1765,Male,1-Aug-1998
188,"Stepney, Jacruelyn",059-465-7381,Female,10-Feb-1980
189,"Banuelos, Brandon",083-923-3579,Male,16-May-1955
190,"Johnson, O'Neal",097-263-1852,Male,15-Dec-1982
191,"Ocampo, Imagine",085-981-6849,Female,28-Dec-1958
192,"Nguyen, Dianna",057-835-9514,Male,1-Mar-1954
193,"Harris, Yasmeen",036-652-6371,Male,30-Nov-1956
194,"Panyachith, Bayasgalan",097-718-8519,Female,17-Sep-1968
195,"Milner, Kristal",082-576-9538,Female,16-Aug-1952
196,"Eshetu, Calvin",093-572-2394,Female,27-Nov-1966
197,"Clifton, Allen",038-769-1872,Female,7-Aug-1987
198,"Allen, Ebony",035-512-6783,Male,24-Dec-1952
199,"Poledor, Charles",084-924-2846,Female,24-Jul-1972
200,"Gomez, Estella",042-471-4956,Male,30-Sep-1960
201,"Wickwire, Sandra",084-987-9176,Male,6-May-1954
202,"Floyd, Cindy",068-531-7294,Female,19-Sep-1976
203,"Smith, Daysha",027-827-3621,Male,18-Jul-1983
204,"Jamison, Brandon",048-674-1846,Male,6-Oct-1975
205,"Craft, Anisha",046-893-8457,Male,15-Nov-1989
206,"Chavez, Cassandra",045-589-3856,Female,27-Oct-1996
207,"Ndekezi, Aleya",073-465-9384,Female,26-Mar-2003
208,"Sims, Guem",083-376-4691,Female,9-Nov-1997
209,"Garcia, Tamrick",098-546-1456,Female,29-Mar-1989
210,"Colon, Justice",023-954-6378,Female,29-May-1962
211,"Wilson Jr, Nelson",087-134-8723,Male,26-May-1962
212,"Givens, Taylor",026-146-7341,Female,20-Nov-1966
213,"Ramirez, Adryen",068-893-6139,Female,4-Apr-1999
214,"Hooper-Washington, Courtney",075-716-8193,Male,17-Jun-1986
215,"Frisk, Alondria",058-628-9865,Male,1-Nov-1953
216,"Arugonda, Luis",027-961-1548,Male,19-Sep-1988
217,"Cortinas, Efrain",075-769-1856,Male,8-Aug-1959
218,"Young, Marcello",079-365-3851,Male,1-Feb-1954
219,"Laws, Savannah",071-964-4273,Male,15-Jan-1966
220,"Nunez, Monica",021-732-5641,Female,31-Oct-1992
221,"Moore, Paul",047-214-4178,Male,30-May-1961
222,"Morris, Brianca",031-781-8763,Female,28-May-1970
223,"Samide, Phanindra",052-876-9763,Male,18-Mar-1971
224,"Chavez, Mathew",096-648-3298,Male,10-Dec-1967
225,"Hall, Sidney",087-372-9158,Male,3-Aug-1989
226,"Vunguyen, Minh",075-526-7345,Male,11-Apr-1963
227,"Thao, Chasity",023-461-5827,Female,8-Mar-1957
228,"Clark, Ta'John",083-162-8246,Female,6-Jun-1969
229,"Stroup, Fendi",016-769-4251,Male,25-Aug-1983
230,"Sisco, Marcus",054-165-6841,Male,6-Apr-1959
231,"Watkins, Alyssa",083-583-6528,Female,8-Oct-1974
232,"Webster, Aleem",013-176-2134,Male,14-Aug-1951
233,"Kaiser, Demetrius",052-395-1839,Female,22-Oct-1968
234,"Jaquez Ibarra, Ismael",053-879-9215,Female,27-Aug-1978
235,"Blake-Villalovas, Gabriel",081-819-6314,Male,29-May-1957
236,"Laychaypha, Amanda",061-596-8419,Male,17-Jun-1970
237,"Shepherd, Katharyn",072-156-7185,Male,15-Dec-1993
238,"Smith, Vonasherell",062-764-4798,Female,14-Sep-1977
239,"Parra, Alyssa",072-875-1265,Male,18-Jul-1975
240,"Caldwell, Davone",036-327-5483,Male,26-Aug-1954
241,"Tran-Nguyen, Ricky",017-352-4635,Male,1-Apr-1950
242,"Castruita, Tabitha",032-489-9574,Male,1-Mar-1979
243,"Miles, Ashley",087-834-3129,Female,28-Sep-1968
244,"Luna, Richard",035-167-8945,Male,3-Nov-1967
245,"Mark, Christofer",062-268-7253,Female,28-Jul-1997
246,"Sharza, Robert",047-927-2546,Male,29-Apr-1958
247,"Xayavong, Vivian",087-369-4617,Female,8-Nov-1956
248,"Kang, Hanyuan",062-617-5296,Male,19-Jan-1993
249,"Tran, Kristen",035-736-4928,Male,23-Feb-1997
250,"Sanchez, James",072-583-7264,Male,4-May-1976
251,"Lindsay, Devin",072-679-9683,Female,9-Mar-1955
252,"Thomas, Jayde",091-958-6234,Male,24-Jul-1965
253,"Dacuma, Kate",042-357-3962,Male,12-Mar-1969
254,"Diaz, Jordan",016-596-6437,Female,17-Feb-1955
255,"Bernal Rocha, Jordy",047-643-1849,Female,24-Feb-1996
256,"Turner, Sheila",061-795-4127,Female,21-Nov-1986
257,"Wilderson, Cole",045-982-8279,Female,13-Sep-1996
258,"Tarango-Rosales, Aide",045-862-4831,Female,25-Feb-1952
259,"Dowdell, Marlena",035-615-1572,Male,2-May-1966
260,"Wetmore, Quartus",087-613-1853,Male,10-Jun-1976
261,"Sudaria, James",051-947-8341,Female,20-Oct-1976
262,"Mitchell, Joshua",082-639-9137,Male,7-Nov-1971
263,"Gonzales, Anthony",039-675-3849,Male,16-Oct-1954
264,"Kromah, Bruce",018-156-3178,Male,13-Sep-1966
265,"Dybdahl, Long",058-296-4129,Male,29-Mar-1961
266,"Castellon, Jeanine",027-976-9427,Male,27-Dec-1979
267,"Bell, Katryna",034-921-3651,Male,10-Jun-1969
268,"Wilbon, Najhad",049-287-7354,Female,28-Jan-1992
269,"Castro Chavez, Beatriz",052-823-5147,Male,4-Feb-1951
270,"Wallenburg, Annabel",026-792-2179,Female,20-Jan-1950
271,"Parker, Ciera",089-315-5842,Male,31-Jul-1957
272,"Ho, Emily",093-629-6591,Male,23-Apr-1989
273,"Wyrick, Johnathon",032-215-9812,Male,15-Dec-1957
274,"Brett, Manohar",067-156-1298,Female,28-Feb-1984
275,"Hadera, Sierra",047-619-8452,Female,6-Jul-1984
276,"Guerrero, Jesus",063-162-6478,Male,24-Apr-1985
277,"Puente, Omar",082-359-8435,Male,1-Nov-1981
278,"Hernandez Martinez, Oscar",029-879-4519,Male,31-May-1986
279,"Perez-Reyes, Adrian",014-128-5738,Male,27-Dec-1954
280,"Williams, Jesse",024-751-5796,Male,18-Mar-1992
281,"Ashlock, Srish",085-812-7861,Male,12-Nov-1993
282,"Gregory, Kristian",094-472-4186,Female,28-May-1959
283,"Monje, Darian",053-358-8627,Female,30-Dec-1953
284,"Montes, Leeanna",078-246-9874,Female,4-Sep-1979
285,"Candelarie, Edgar",098-159-1327,Male,23-Jan-2000
286,"Puente, Mariah",093-891-8329,Male,23-Oct-1985
287,"Robinson, Zachary",013-659-8674,Female,17-Oct-1999
288,"Vargas, David",017-361-8915,Male,18-Oct-1976
289,"Kramer, Jack",061-471-6241,Male,8-Jul-1966
290,"Mitchell, David",029-149-5483,Male,8-Oct-1954
291,"Taherkhani, Lois",096-638-8264,Male,25-Nov-1964
292,"Childs, Tiajuwan",068-769-8251,Female,6-Jun-1954
293,"Bunn, Bianca",015-927-9178,Female,30-Oct-1965
294,"Hong, Savannah",086-712-8491,Male,8-Sep-1982
295,"Powell, Sequoia",015-649-1295,Female,23-Nov-1982
296,"Simms, Asia",016-978-9613,Female,6-Jun-1961
297,"Adams, Simone",067-648-1457,Female,24-Nov-1981
298,"Balaji, Kiet",012-412-9574,Male,16-Mar-1999
299,"Brown, Kylihah",053-567-8714,Female,10-Oct-1981
300,"Alvarez, Johana",087-349-6258,Female,5-Aug-2003
301,"Santos, Alejandro",092-261-4931,Male,14-Jan-1998
302,"Hopkins, Ama Soma",094-298-2497,Male,21-Nov-1968
303,"Pruett, Isaiah",046-463-1756,Male,14-Jan-1956
304,"Nguyen, Sana",083-872-4912,Male,9-Nov-1981
305,"Parmlee, Brian",071-719-7235,Male,15-Nov-2002
306,"Christian, Susana",063-694-7213,Female,4-Apr-1995
307,"Griego, Louis",071-412-5469,Female,23-Aug-1979
308,"Rojas, Eduardo",034-876-2195,Male,10-Jun-1953
309,"Ceballos, Karen",067-452-2176,Male,25-Oct-1984
310,"Bille, Carrena",031-418-6479,Male,27-Jan-1980
311,"Hayat, Thusuong",015-891-8725,Male,9-Aug-1954
312,"Pacheco, Julio",069-821-7239,Female,20-Jul-1973
313,"Yang, Pratheeksha",073-342-4396,Female,12-Sep-2001
314,"Gonzales, Victoria",082-253-2793,Female,11-Jun-1970
315,"Leake, X'Zavion",073-421-8256,Female,26-Sep-1996
316,"Costalez, Mia",075-726-5978,Male,3-Jul-1967
317,"Wade, Intahntea",079-478-5914,Male,22-Dec-1955
318,"Cha, Lisa",021-296-7814,Female,27-Mar-1976
319,"Smith, Vasundhara",019-163-6523,Male,29-Aug-1977
320,"Todman, Kara",013-829-3489,Male,3-Jul-1973
321,"Sanchez, Brayden",015-472-7149,Female,23-Jul-1971
322,"Fang, Hoang",068-317-2794,Male,14-Mar-1993
323,"Mendoza, Mark",023-829-7325,Female,29-Jul-1986
324,"Arbogast, Katherine",069-289-3518,Female,25-Jan-1952
325,"Vazquez, Yesenia",023-915-2196,Female,12-Jan-1994
326,"Perez, Jaime",067-572-4815,Male,7-Mar-1958
327,"Dethouars, Marisa",017-852-6128,Female,25-Oct-1954
328,"Santarosa, Alix",095-413-9236,Male,7-Sep-1957
329,"Elliott, Allen",035-347-6978,Male,23-May-1959
330,"Hernandez, Jesus",046-586-5348,Male,13-Apr-1975
331,"Lee, Vivian",014-962-6478,Male,8-Apr-1960
332,"Rascon, Rebecca",034-412-7163,Female,17-Jun-1958
333,"Ybarra, Arianny",059-852-5896,Female,21-Dec-1960
334,"Varghese, Anthony",023-437-3158,Male,3-May-1970
335,"Le, Linda",064-182-7216,Male,19-May-1990
336,"Kue, Chaerin",023-429-3957,Male,20-Jan-1988
337,"Evans, Hannan",059-243-5726,Female,10-Sep-2001
338,"Chong, Seungwan",072-185-6923,Female,9-Nov-1951
339,"Vigil, Jessica",015-956-2618,Male,25-Feb-1983
340,"Kennedy, Keona",071-514-7265,Female,19-Jun-1967
341,"Heyward, Niqualia",018-914-8627,Female,16-Oct-1950
342,"Zhen, Kownoon",074-368-9825,Female,25-Dec-1986
343,"Jones, Donald",052-317-2438,Female,6-Jul-1958
344,"Alvarez-Cabral, Chasya",067-685-7396,Female,28-Jul-1990
345,"Truong, Angelina",063-134-3214,Female,29-Sep-1958
346,"Camarena, Garrett",078-576-1293,Female,9-Apr-1997
347,"Avalos, Aracely",079-376-3549,Male,13-Feb-1978
348,"Carrazco, Luke",013-972-9651,Male,6-May-1950
349,"Wallace, Chau",079-932-2736,Male,3-Apr-1976
350,"Peluso, Aaron",074-167-3692,Female,20-Dec-1994
351,"Cartwright, John",073-271-9814,Female,27-Apr-1950
352,"Tufts, George",014-862-2851,Female,23-Aug-1999
353,"Holland, Darryl",091-854-4612,Female,28-Oct-1982
354,"Samad, Dao",093-386-4681,Female,27-Jun-1967
355,"Muniz, Jonathan",084-873-9814,Male,27-Jun-2001
356,"Matsuo, Victoria",074-384-3698,Male,16-Sep-1984
357,"Zhen, Jake",087-473-3179,Female,18-Apr-1997
358,"Pigford, Dominique",046-715-4783,Female,31-Jul-1971
359,"Ngo, Joslynn",047-248-5824,Male,15-Oct-2000
360,"Castaneda-Paredes, Alfonso",097-967-7483,Male,10-Jan-1993
361,"Domingo Pina, Kayla",058-516-8324,Male,11-Jul-1954
362,"Shih, Nadia",084-386-3541,Male,13-Jul-2003
363,"Ortega, Danielle",073-587-3248,Female,10-Nov-1969
364,"Elliott, Brittany",078-728-1874,Male,6-Jan-1986
365,"Gutierrez, Joseph",026-694-7286,Male,16-Apr-1979
366,"Kim, Keeny",041-968-7581,Male,15-Aug-1966
367,"Jain, Tam Minh",084-358-6437,Male,10-Jun-1983
368,"White, Kiarra",067-216-1643,Male,16-Feb-1997
369,"Morrison Pibel, Tori",019-249-3941,Male,3-Dec-1983
370,"Caso, Lucas",047-762-5149,Female,27-Aug-1980
371,"Aguilar, Luis",051-763-3785,Female,19-Jul-1972
372,"Carbajal, Edwin Moises",072-381-5841,Male,21-Apr-1979
373,"Dao, Sang",034-136-1354,Female,29-Apr-1985
374,"Benjamin, Cecily",058-473-2819,Female,28-Apr-1984
375,"Garvin, Christopher",052-641-2417,Male,19-Jan-1965
376,"Banner, Isaac",049-257-3257,Female,20-Nov-1977
377,"Jordan-Smith, Samantha",079-674-3512,Female,11-Dec-1979
378,"Motazedi, Emily",075-852-1984,Female,27-Oct-1983
379,"Taylor, Ashanti",085-218-3867,Male,4-Jun-1996
380,"Gutierrez-Lerma, Francisco",078-948-8694,Male,26-Oct-1953
381,"Webber, Selam",095-497-3579,Male,18-Sep-1951
382,"Frisk, Isidro",067-642-5269,Female,13-May-1998
383,"Loera, Mario",049-751-4831,Male,14-Apr-1976
384,"Richard, Ronald",013-486-2315,Female,23-Jul-1985
385,"Cruz, Derek",031-645-5248,Female,10-Nov-1971
386,"Malin, Kiana",015-617-4785,Male,21-Jun-1953
387,"Vargas Martinez, William",058-647-3742,Male,17-Jan-2003
388,"Gutierrez Ramos, Johnathan",064-842-9345,Male,15-Mar-1963
389,"So, Kyle",078-735-8645,Female,4-Apr-1959
390,"Morales, Elicia",075-345-8591,Female,29-Jun-1952
391,"Ching, Billy",013-596-6921,Female,24-Dec-1963
392,"Paradela, Bryan",036-956-4956,Male,7-Dec-1970
393,"Felix Magana, Stephanie",086-892-9123,Male,10-Feb-1982
394,"Lee, Kaia",072-518-7513,Male,6-May-1962
395,"Wilhelm, Michelle",039-617-2174,Male,10-Sep-1953
396,"Nguyen, Wen Kang",028-291-6578,Male,9-Feb-1954
397,"Thames, Ashly",024-684-8921,Female,15-Oct-1984
398,"Brooks, Rute",039-291-1398,Female,31-Oct-1994
399,"Camacho Gutierrez, Janet",012-945-9138,Male,11-Feb-1992
400,"Gore, Bruce",035-132-4251,Male,11-Jul-1958
401,"Crawford, Emmaali",042-527-9381,Female,24-Jan-1950
402,"Saraogi, Tuvshinbayar",019-236-3158,Female,17-Dec-1969
403,"Yang, Rick",091-267-5814,Female,14-May-1978
404,"Clark, Walter",032-639-8271,Female,12-Apr-1971
405,"Earls, Gavrielle",037-368-7354,Female,16-Mar-1991
406,"Rivera Munoz, Dallas",054-415-3649,Male,23-Mar-1969
407,"Lopez, Alexander",074-291-6234,Female,25-Sep-1973
408,"Sanders, Antonio",095-935-8312,Female,14-Dec-1990
409,"Vang, Holly",029-274-1875,Female,31-Oct-1981
410,"Matthews, Nancy",021-692-5167,Female,17-Sep-2000
411,"Delfin, Cristian",089-937-1736,Male,26-Mar-1997
412,"Floyd, Joshua",083-612-6521,Female,9-Aug-1992
413,"Zavala, Elisa",029-748-7521,Male,21-May-1976
414,"Tollerson, Talia",051-182-9213,Female,8-Nov-1985
415,"Johnson, Takayla",079-698-9326,Male,8-Jun-1964
416,"Moselina, Murtidevi",021-583-4521,Female,12-Sep-1974
417,"Poghosyan, Wanyi",053-849-3651,Male,19-May-1971
418,"Armijo, Jordyn",074-634-7928,Female,7-Apr-1989
419,"Warner Jr, Timothy",062-653-4217,Male,19-Dec-1989
420,"Phan, Vivian",027-926-8369,Male,14-Aug-1998
421,"Yirdaw, Domenik",034-326-6219,Male,4-Nov-1979
422,"Soufiani, Audrey",013-724-6853,Male,3-May-1995
423,"Nolte, Emoree",084-365-1279,Male,19-Nov-1999
424,"Bernal, Noe",057-498-9756,Female,10-Jul-1974
425,"Boone, Ronnie",029-951-6349,Male,12-Dec-1990
426,"Cosentino, Neil",032-259-9512,Male,13-Feb-1982
427,"Rios, Stephanie",096-539-7185,Female,26-Aug-1960
428,"Bennett, Briggette",045-816-9361,Male,24-Dec-1954
429,"Liddell, Jennifer",045-564-1569,Male,2-Apr-1976
430,"Mays, Dominic",094-678-6489,Female,11-Apr-1988
431,"Cooley, Maya",078-813-4986,Female,7-Apr-1972
432,"Montano, Alejandro",031-649-4526,Male,13-Dec-1955
433,"Nguyen, Annie",059-814-4823,Male,26-Mar-1989
434,"Vu, David",079-495-2856,Female,16-May-1989
435,"Houston, Tammy",021-923-3598,Male,16-Sep-1971
436,"Richter, Reit-T",071-724-8764,Male,18-May-1967
437,"Thomas, Sirmichael",053-379-9451,Female,18-Sep-1987
438,"Garrett, Joshua",056-934-9162,Female,10-Sep-1977
439,"Martinez, Terah",092-147-3846,Male,5-May-1979
440,"Williams, Alejandro",061-946-4726,Female,5-Apr-1978
441,"Cheadle, Elvin",057-346-9168,Male,22-Oct-1963
442,"Diaz, Dalton",041-238-2869,Female,28-Oct-1963
443,"Gonzales, William",042-184-4398,Female,11-Oct-1986
444,"Munoz, Andrea",057-571-7231,Female,28-Jun-2002
445,"Her, Charlie",095-982-8951,Female,25-Mar-1973
446,"Kim, Annemarie",072-542-7158,Male,22-Nov-1992
447,"Jackson, Yonatan",092-278-8192,Male,24-Jul-1975
448,"Bradley, Kyran",064-964-2794,Male,1-Aug-1984
449,"Bough, Ryli",041-219-7936,Female,30-Sep-2000
450,"Berdeja Velazques, Gerard",039-537-8692,Male,25-Mar-1999
451,"Jennings-Curry, Jalan",061-135-3156,Male,26-Nov-1969
452,"Salazar-Arellano, Ashlene",065-748-1493,Male,23-May-1962
453,"Jameson, Jonathan",051-195-5126,Male,12-Feb-1977
454,"Ortega, Amber",041-896-4819,Male,7-Mar-1961
455,"Aggrey, Kierian",048-942-8279,Female,9-Apr-1960
456,"Moss, Khalie",078-523-3165,Female,4-May-1969
457,"Quilon, Madison",064-478-3594,Female,14-Jun-1956
458,"David, Doan",049-812-2671,Female,23-Dec-1993
459,"Jacobo-Leon, Jennifer",084-261-5178,Female,16-Sep-1974
460,"Edwards, Yudania-Marie",068-714-8165,Female,26-Sep-1997
461,"Pohl, Shristi",083-574-6418,Female,28-May-1965
462,"Yanez, Harlen",087-764-1538,Female,20-Sep-2002
463,"Sepulveda, Johnnie",065-817-6923,Female,26-Aug-1951
464,"Kuch, Jennifer",089-638-7389,Female,24-Jan-1989
465,"Rowe, Kailib",027-391-3957,Female,18-Mar-1966
466,"Martinez-Salazar, Craig",017-483-4291,Female,19-Jan-1968
467,"Gomez, Jennifer",012-729-1387,Female,28-Oct-1999
468,"Pak, Aqil",051-295-1547,Female,11-Feb-1955
469,"Beluts, Rickey",073-431-9156,Female,23-Mar-1999
470,"Nguyen, Robert",032-927-1473,Male,27-Apr-1992
471,"Williams, Demi",074-475-5637,Male,27-Nov-1959
472,"Cardona Rocha, Tucker",037-762-6573,Male,22-May-1967
473,"Jaime, Kaylee",079-563-8732,Female,20-Dec-1964
474,"Mason, Dejana",062-351-2436,Female,30-Aug-1973
475,"Flores, Tevin",096-329-7521,Male,9-Oct-1953
476,"Garcia, Alexander",059-879-6394,Female,7-Dec-1972
477,"Loffelmacher, Miguel",017-194-5967,Male,17-Aug-1999
478,"Yamamoto, Jonathan",034-582-4612,Female,23-Oct-2000
479,"Martinez, Tyia",046-154-9428,Female,2-Sep-1959
480,"Elizondo Diaz, Jose",039-278-3942,Female,6-Jul-1975
481,"Gozeh, Peonie",056-497-4285,Male,20-Dec-2002
482,"Nwankwo, Jared",018-876-2381,Female,8-Sep-1996
483,"Gale, Shawntay",089-217-5241,Female,3-Jul-1972
484,"Garcia, Isamar",018-839-3148,Male,21-Aug-1971
485,"Kim, Isaac",029-791-1427,Female,12-Jul-1976
486,"King, George",084-832-4928,Female,3-Dec-1989
487,"Kinney, Asako",047-435-7913,Female,29-Apr-1996
488,"Howard, Jordan",091-328-8269,Female,5-May-1955
489,"Kim, Kiran",051-476-7681,Female,11-Jun-1986
490,"Jackson, Roselyn",017-286-4689,Male,8-Dec-1973
491,"Rea, Monique",016-389-9874,Female,28-May-1984
492,"Bradley, Antonio",087-627-7589,Male,24-Dec-1989
493,"Hall, Andres",065-562-4276,Male,25-Aug-1996
494,"Nguyen, Sungchoul",015-695-7168,Female,26-Sep-1981
495,"Quintana, Angelica",048-329-5194,Male,27-Jun-1963
496,"Tucker Jr, Drionna",038-386-8954,Female,28-Mar-1974
497,"Strayer, Catherine",039-153-8632,Female,9-Jan-1963
498,"Manzanares, Beljica",034-145-8392,Female,29-Mar-1965
499,"Aceves, Ashley",062-617-8413,Male,28-Nov-1952
500,"Burkhardt, Aysha",028-634-8932,Male,4-Jun-1955
501,"Santoyo, Idalia",057-582-4135,Male,17-Jul-1994
502,"Teerapenun, Maichong",059-819-5728,Female,12-Nov-1959
503,"Allen, David",052-358-3861,Female,25-Jun-1968
504,"Townsend, Mekaisha",091-196-4371,Female,2-Feb-1972
505,"Garcia, Jose",087-378-9247,Male,27-Oct-1969
506,"Guerrero Martinez, Daniel",086-867-7256,Female,13-Feb-1969
507,"Castillo, Joanna",063-587-5182,Female,12-Jan-1951
508,"Tran, Teresa",057-127-5942,Male,24-Mar-1978
509,"Layton Jr, Christina",095-256-4795,Female,11-Mar-1996
510,"Pham, Charanaka",064-785-9824,Female,19-Jul-1983
511,"Borjas, Josue",045-536-4369,Female,23-Jan-1969
512,"Hatter, Jasmine",062-175-6329,Female,17-Jun-1976
513,"Russell, Andrea",039-618-9517,Male,14-Dec-1981
514,"Morrison, Justin",037-149-6273,Female,13-Jan-1995
515,"Hernandez, Yecenia",075-532-5371,Male,29-Oct-1951
516,"Le, Jong",087-764-5184,Male,13-Nov-1974
517,"Grayson, Anthony",028-694-9153,Male,28-May-2000
518,"Graves, Teria",017-137-2468,Female,28-Jun-1952
519,"Haynes, Aaron",064-639-9372,Female,21-Jan-1973
520,"Ho, Simone",082-268-4163,Male,22-Dec-1994
521,"Maldonado De La Cruz, Ivan",058-487-2347,Female,22-Apr-1959
522,"Nguyen, Paul",086-397-2173,Female,11-Feb-1984
523,"Robinson, Kevin",023-764-8631,Male,24-Oct-1964
524,"Melton, Sky",024-746-4872,Male,23-Apr-1996
525,"Ortivez, Michelle",068-972-7483,Female,30-Nov-1980
526,"Romero, Shawn",054-982-5198,Male,8-Jan-1974
527,"Aden, Robert",085-845-5136,Female,20-Feb-2000
528,"Hoskins, Alfred",085-876-6739,Female,9-Jul-1966
529,"Estrella, Gabriela",092-412-7291,Male,30-Sep-1993
530,"Martinez, Jorge",019-371-8423,Female,31-Jan-1963
531,"Haythorne, Kashon",013-584-2756,Female,3-Jan-1988
532,"Nelms, Marquise",051-952-6943,Male,14-Aug-2000
533,"Pineda, Christopher",029-983-8624,Male,2-Apr-1959
534,"Cornell-Huber, Savon",082-724-1264,Female,19-Sep-1998
535,"Mathews, Micheal",016-382-6174,Male,17-Oct-1986
536,"Bosveld, Nongkhan",089-674-6197,Female,17-Mar-1987
537,"Sanchez, Citlalic",043-831-6153,Female,21-Nov-1970
538,"Weiss, Zaeem",067-385-5278,Female,13-Jun-1971
539,"Newsom, Chinmay",087-194-8957,Female,8-Dec-1982
540,"Schultz, Bonnie",052-296-1384,Female,24-Nov-1993
541,"Ramirez Burciaga, Ricardo",061-637-5826,Male,22-May-1956
542,"Brooks, Noah",085-583-2851,Male,7-Nov-1989
543,"Calhoun, Damien",093-729-3942,Female,7-Dec-1993
544,"Contreras-Vazquez, Leonardo",084-872-5963,Male,2-Apr-1961
545,"Rice, Michael",094-714-6789,Female,12-May-1972
546,"Villegas, Claudia",047-725-4839,Male,26-Mar-1988
547,"Aguilar Arevalo, Jonathan",043-862-1327,Male,1-Jul-1971
548,"Henderson, Hailey",085-961-8479,Female,12-Oct-1993
549,"Sath, Alanna",056-472-2618,Female,10-May-1981
550,"Moore, Shaun",058-429-5419,Male,29-Nov-1958
551,"Abeyta, Iesha",062-936-9843,Male,27-Feb-1989
552,"Kim, Wai",053-184-9623,Female,20-Jul-1953
553,"Flores, Abram",043-175-7283,Female,13-May-1984
554,"Gonzalez, Jacob",093-465-4819,Male,7-Dec-1956
555,"Lu, Maya",061-712-2365,Male,22-May-1951
556,"Kim, Bethany",029-682-2689,Female,21-Mar-1978
557,"Meridy, Mamadou",054-751-6324,Male,7-May-1993
558,"Morrison Pibel, Jack",076-873-9378,Female,24-Mar-1970
559,"Pak, Joshua",017-294-1856,Male,7-Aug-1992
560,"Williams, Christopher",025-812-1683,Female,15-Jul-1959
561,"Brathwaite, Debra",013-316-4672,Female,1-Mar-1991
562,"Glover, Sydney",053-175-7253,Female,8-Aug-1971
563,"Pham, Thomas",095-162-7842,Male,27-Dec-1993
564,"Chavez Alvarado, Jeniffer",062-532-7359,Female,31-Dec-1969
565,"Saeed, Emily",062-296-7581,Female,14-Oct-1997
566,"Yu, Stephanie",094-982-3867,Male,8-Mar-1959
567,"Clark, Jasmine",081-852-6245,Male,3-May-1950
568,"Bennett, Xavier",056-379-2967,Male,4-Jun-1993
569,"Nay, Emily",029-286-9167,Male,22-Nov-1951
570,"Jackson, Tijhana",031-617-2714,Female,12-Dec-1961
571,"Saenz-Sneath, Angel",013-526-1489,Male,13-Sep-1958
572,"Sharpley, Dravon",018-918-1548,Female,15-Aug-1958
573,"Huynh, Karie",064-743-8253,Male,11-Dec-1974
574,"Walker, Andrew",051-287-5698,Female,26-Feb-1961
575,"Durham, Rhianna",036-172-5432,Female,29-Aug-1968
576,"Han, Alexander",085-472-3986,Female,6-Oct-2001
577,"Cosby, Kristopher",068-239-8643,Female,19-Sep-1953
578,"Ortiz, Junior",039-368-8671,Male,15-Mar-1971
579,"Majekodunmi, Langston",037-728-8467,Male,11-May-1953
580,"Ali, Brendon",074-623-7351,Female,22-Nov-2003
581,"Hardaway, Cortney",093-926-8912,Female,28-Nov-2000
582,"Lorenzo, Zoe",083-819-8631,Male,21-Jun-1959
583,"Garcia Ramirez, Raeann",087-423-2394,Female,10-Jan-1979
584,"Childers, Genesis",052-863-7685,Female,29-Sep-1967
585,"Perez, Itzel",045-249-2379,Male,31-Aug-2001
586,"Tanabe, Michael",058-695-6918,Female,30-Mar-1953
587,"Cameron, Brooklynn",012-971-8543,Male,4-Mar-1961
588,"Song, Josef",058-954-2498,Female,12-Dec-1960
589,"Xiong, Samuel",097-167-7681,Male,8-Apr-1979
590,"Mebane, Zacharee",082-425-7843,Female,5-Feb-1971
591,"Pietak, Mallory",095-265-9375,Female,27-Jul-1991
592,"Boyd, Sidharth",067-813-3579,Male,3-Jul-1992
593,"Martinez, Jordan",043-967-3842,Female,13-Nov-1968
594,"Smith, Dreshawn",058-823-5927,Female,9-Jul-1989
595,"Reyes-Rodriguez, Veronica",098-485-3681,Female,8-Jun-1962
596,"Vongrith, Baldeep",057-795-2185,Female,10-Mar-1956
597,"Huynh, James",095-356-8236,Female,1-Aug-1994
598,"Le, Aaron",027-147-2749,Female,9-Dec-1950
599,"Smith, Timera",057-897-3791,Male,17-Jan-1956
600,"Garcia, Ricardo",051-628-8426,Male,4-Jan-1951
601,"Raban, Lariah",079-924-8354,Female,22-Jun-1982
602,"Lofgren, Diane",013-982-4718,Female,20-Jul-1994
603,"Zahid, Siran",028-549-2913,Male,19-Aug-1991
604,"Rivera, Xavier",069-459-5749,Male,22-Oct-1987
605,"Agboglo, Ashajenee",016-265-4921,Female,6-Apr-1968
606,"Ellis, Yusra",059-287-2165,Female,14-Jul-1965
607,"Sandhu, Thomas",097-328-2374,Male,17-Nov-1967
608,"Hoang, Mohamed",071-452-8321,Female,10-Dec-1952
609,"Gray, Jasmine",018-385-2159,Female,25-Apr-2003
610,"Riser, Shania",094-129-6359,Female,31-Mar-1983
611,"Harrison, Indya",053-849-7368,Male,19-Oct-1988
612,"Lamichhane, Brandon",015-273-9421,Female,25-Jan-1998
613,"Sandoval, Cruzita",016-216-7964,Female,30-May-1968
614,"Falcon, Simon",052-789-2859,Female,12-Jul-1974
615,"Bueno, Christopher",038-982-5137,Female,13-Sep-1977
616,"Truong, Jean",051-357-5143,Female,18-Mar-1980
617,"Hernandez, Felicia",062-754-9672,Male,5-Jul-1953
618,"Maes, Leonardo",095-236-8369,Male,1-Mar-1983
619,"Nguyen, Chiara",015-839-7629,Female,4-Jan-1950
620,"Roberts, Shae Lon",042-489-6279,Male,21-Nov-1954
621,"Gonzales, Anthony",054-831-3458,Male,27-Jan-1978
622,"Baca, Roberto",056-691-7654,Female,29-May-2003
623,"Sanchez, Laura",075-742-3187,Male,29-Apr-1976
624,"Cao, Edrick",041-134-2179,Male,17-Sep-1973
625,"Caprara, Tanya",038-942-2567,Female,26-Sep-1955
626,"Castillo, Randy",019-497-9864,Male,17-Sep-1975
627,"Rushing, Leslie",057-257-9254,Male,30-Jan-1979
628,"Bellot, Kyrstin",061-125-6139,Female,27-Feb-1979
629,"Duran, Azarel",037-521-7368,Female,31-Dec-1953
630,"Pineda, Timothy",026-268-7914,Female,13-Mar-1996
631,"Lamb, Amber",057-457-6915,Male,14-Mar-1967
632,"Lamorie, Jesus",091-623-9267,Female,21-May-1989
633,"Brunner, Yesenia",086-165-5139,Male,2-Nov-1987
634,"Tesfamariam, Kelsey",041-976-2918,Female,19-Mar-1951
635,"Javaid, Tara",019-547-9382,Male,30-May-1952
636,"Allen, Stepfon",054-417-3596,Male,11-May-1978
637,"Nwankwo, Warren",032-194-7315,Male,27-Sep-1973
638,"Munoz, Regina",071-538-6217,Female,3-Apr-1991
639,"Medina, Oscar",051-781-5194,Male,11-Jun-1991
640,"Harvin, Tierra",058-491-5869,Male,7-Sep-1960
641,"Hernandez Martinez, Lesley",065-547-3485,Male,2-Oct-1992
642,"Kamath, Charles",019-158-7423,Male,12-Nov-1987
643,"Maestas, Angel",098-527-1467,Male,20-Aug-1952
644,"Salvador, Young",076-367-3154,Male,28-Sep-1980
645,"Kim, Kelsey",012-837-9632,Female,17-Jun-1965
646,"Chiang, Steve",023-835-8345,Female,26-May-2001
647,"Bernabe Hernandez, Juan",098-675-7643,Female,18-Jul-1976
648,"Stribling-Harrell, Stephen",072-723-5147,Female,6-May-1981
649,"Martinez Dozier, Cortland",068-258-2396,Female,23-Aug-1973
650,"Lockman, Terell",032-539-7964,Male,12-Oct-1977
651,"Covarrubias, Andreea",051-592-7126,Female,10-May-1970
652,"Pradhan, Alyssia",071-748-5618,Male,9-Feb-1986
653,"Lechuga-Medina, Isaiah",062-324-2967,Female,22-Jan-1960
654,"Agurries Loza, Shelby",031-837-6425,Female,5-Jul-1968
655,"Shrestha, Nisha",092-978-9528,Male,22-Aug-1972
656,"Egan, Shubheksha",097-348-9567,Female,4-Feb-1980
657,"Vu, Jaelene",028-136-3172,Male,23-Apr-1982
658,"Griego, Joseph",034-851-8347,Female,4-Feb-1990
659,"Irineo, Cory",062-416-4819,Female,22-Oct-1983
660,"Stegmayer, Tai",073-327-6325,Male,14-Feb-2003
661,"Silva, Damian",018-354-1273,Male,28-Jan-1974
662,"Solorio, Angel",027-126-2847,Male,5-Dec-1959
663,"Sigarst, Asia",074-185-8743,Female,16-Nov-1960
664,"Rikke, Wyatt",012-742-3184,Female,15-Dec-1961
665,"Shin, Candice",071-945-6215,Male,4-Dec-1957
666,"Greene, Elijah Thomas",096-321-8137,Female,1-Oct-1989
667,"Chidambaram, Antionette",042-921-5394,Male,7-Dec-1990
668,"Mather, Hannah",037-813-3851,Female,30-May-1975
669,"Bradford, Tia",083-582-6825,Male,19-Jul-1971
670,"Nguyen, Te",059-372-2541,Male,9-Aug-1959
671,"Gallegos, Cenovio",068-864-1237,Male,29-Apr-1989
672,"Mayes, Elvin",035-846-4283,Female,6-Apr-1953
673,"Heiderstadt, Mujda",092-578-1853,Female,23-Aug-1990
674,"Salazar, Teddie",029-832-3196,Male,8-Aug-1969
675,"Nguyen, Taj",035-419-6852,Female,7-Dec-1989
676,"Garcia, Giselle",053-813-6735,Male,30-Nov-2001
677,"Gonzalez, Sarah",014-193-1389,Male,22-Jan-1971
678,"Rebeterano, Mariaana",053-257-3579,Male,16-Jun-1998
679,"Logan, Tyisina",045-348-6478,Male,20-Mar-1975
680,"Kreimeyer Burns, Miguel",078-384-3928,Female,2-Feb-1985
681,"Sterling, Shalai",017-192-9216,Female,2-Aug-1971
682,"Bekele, Kalole",087-578-5824,Female,28-Nov-1969
683,"Mayek, Yasmine",064-278-8261,Male,25-Oct-1960
684,"Lin, Varun",074-589-7932,Female,13-Nov-1976
685,"Barba-Franco, Simon",057-348-9546,Female,19-Mar-1976
686,"Gehring, Tyler",079-726-9618,Female,26-Jun-1950
687,"Lee, Rachel",085-397-4718,Male,20-Jun-1973
688,"Litchfield, Skylar",048-348-3549,Male,21-May-1958
689,"Farias, Briley",029-534-9356,Male,13-Sep-1982
690,"Mercado, Heather",019-815-4691,Male,10-Jul-1994
691,"Callahan, Va'Aahi",012-742-9354,Male,19-May-1954
692,"Arguello, Nathaniel",073-216-4716,Female,27-Jul-1954
693,"Lor, Calvin",038-327-8937,Male,6-Aug-1982
694,"Cuevas, Irma",045-716-2973,Male,25-Mar-2000
695,"Aden, Quisa",075-931-8735,Male,16-Nov-2002
696,"Christy, Manuel",038-274-7982,Male,18-Mar-1973
697,"Marial, Drew",091-741-7859,Male,30-Aug-1993
698,"Chavez, Miguel",093-549-1245,Male,18-Nov-2000
699,"Tran, Vincent",042-512-7156,Female,24-Dec-1996
700,"Valenzuela-Munoz, Alexandria",063-715-7293,Female,1-Mar-1986
701,"Parra, Lylah",084-765-8417,Female,13-Nov-1986
702,"Mccoy, Suong-Kathy",025-298-8472,Male,12-Aug-1991
703,"Archuleta, Jordan",058-516-8541,Male,17-Jan-1977
704,"Perry, Dekar",046-964-3974,Male,16-Sep-1990
705,"Mendoza, Areli",037-136-5263,Male,11-Aug-1972
706,"Dufresne, Shane",071-584-8491,Female,28-Jul-1952
707,"Griffin, Darius",069-718-4362,Male,13-Aug-1986
708,"Kelly, Sean",082-852-2689,Female,27-Jul-1962
709,"Williams, Selena",045-341-9267,Male,5-Sep-2002
710,"Burbank, Arshawana",041-352-4598,Male,26-Oct-1955
711,"Flores-Carbajal, Keanu",059-428-8376,Female,22-Apr-1990
712,"Bryan, Troy",059-489-9718,Male,8-Jan-1997
713,"Perez, Michael",058-371-2159,Female,2-Sep-2003
714,"Sanchez Jurado, Alejandro",014-539-1534,Female,23-Oct-1994
715,"Bailey, Melvin",026-928-7324,Female,28-Sep-1975
716,"Fleming, Ashley",012-259-2859,Female,3-May-1977
717,"Gaona, Jaclyn",046-341-8546,Female,20-May-1968
718,"Labra-Montoya, Elias",068-453-8162,Male,23-Mar-1955
719,"Harris, Michael",089-825-1395,Male,14-May-1963
720,"Yarbrough-Smith, Jadavia",053-841-2967,Female,9-Sep-1978
721,"Pastrana, Josefa",028-146-7892,Female,15-Jan-1958
722,"O'Malley, Amon",034-463-4329,Female,10-Jan-1990
723,"Chavez, Karissa",025-382-8791,Female,21-Nov-1994
724,"Munoz-Flores, Javon'Te",032-831-3748,Male,10-Jan-1980
725,"Miranda, Maria",048-195-3495,Female,30-Apr-1985
726,"Chhoeun, Lisa",067-837-3298,Male,8-Jul-2003
727,"Warner, Jason",051-679-9136,Male,27-Jul-1986
728,"Buison-Mendaro, Kelly",069-196-7164,Male,10-Nov-1994
729,"Hazel, Lauren",069-234-2965,Female,29-Apr-1998
730,"Flores, Adelicia",037-198-8359,Female,24-Oct-1955
731,"Pena, Hannah",046-164-4928,Male,16-Sep-1980
732,"Prom, Salman",037-742-5619,Female,3-Aug-2003
733,"Vazquez Ruiz, Elisia",012-743-2376,Male,21-Jan-1990
734,"Rowe, Neil",071-167-1394,Male,11-Nov-1955
735,"Torres Mata, Vivian",091-471-8531,Female,27-Apr-1995
736,"Vargas, Jack",062-478-9654,Male,2-Oct-1973
737,"Garcia, Dakarya",048-394-9531,Male,20-Apr-1964
738,"Chui, Khamsouk",083-576-2845,Female,12-Jul-1990
739,"Coston, Shay",041-386-7138,Female,30-Jul-1957
740,"Jones, Allonte",031-598-9684,Male,4-Apr-1973
741,"Santos, Cinthia",026-168-6294,Female,28-Jan-1953
742,"Richardson, Ja Rel",061-142-4916,Female,30-Dec-1989
743,"Clark, Shaquillo",098-485-7631,Male,13-May-1991
744,"Merritt, Shanika",034-386-5219,Male,24-Jan-1974
745,"Bain, Shauntaul",032-815-1354,Male,2-Nov-1986
746,"Tilong, Cameron",071-983-3814,Male,20-Jun-1968
747,"Hall Pricket, Jada",034-153-5394,Female,20-Jul-1990
748,"Mariscal, Aaron",042-174-7942,Male,27-Dec-1958
749,"Domingo, Henry",023-396-1793,Female,15-Jan-2001
750,"Sayasane, Jari",037-179-4962,Male,8-Dec-1974
751,"Auyeung, Rayden",072-675-2497,Female,26-Mar-1977
752,"Lott, Kevin",012-568-3978,Male,11-Mar-1985
753,"Esquilin, Earnie",034-624-8367,Male,15-Oct-1992
754,"Barajas, Mariela",026-417-2349,Male,14-Mar-1960
755,"Park, Jan Jharize",089-715-2719,Male,24-Nov-1997
756,"Hernandez, Ivan",096-382-4519,Female,24-Mar-1992
757,"Chavez, Erika",062-697-9543,Female,10-Apr-1954
758,"Trevizo, David",065-182-6783,Male,24-Jun-1970
759,"Johnson, Alonzo",073-376-9542,Female,3-Oct-1978
760,"Jackson, Joseph",096-826-8592,Female,8-May-1994
761,"Lao, Xuan",069-735-3146,Female,25-Oct-1976
762,"Murry, Dillon",029-639-3428,Male,4-Jul-1976
763,"Kim, Amaihah",038-253-1483,Male,3-Dec-1987
764,"Thurimella, Luke",047-682-3752,Male,25-Mar-1958
765,"Moreno, Diego",057-914-6945,Male,28-Feb-1994
766,"Dubon, Luis",074-954-6483,Female,27-Nov-1995
767,"Saucedo, Kayla",085-168-5974,Male,17-Mar-1955
768,"Mark, Devin",052-372-2345,Male,20-Jun-1965
769,"Martinez, Ana",036-265-8435,Male,9-Mar-1981
770,"Sarkeiyans, Nghia",097-472-4912,Female,6-Apr-1957
771,"Doherty, Kaya",063-143-4825,Male,1-Mar-1988
772,"Uribe Lee, Flor",023-652-1857,Female,4-Aug-1983
773,"Balderrama, Brandon",094-485-1572,Female,27-Jan-1997
774,"Park, Erin",071-398-5914,Male,2-Dec-1971
775,"Diakite, Jashinda",056-931-4863,Male,21-Aug-1962
776,"David, Abigail",014-569-2846,Female,13-Sep-1955
777,"Mekonnen, Sabra",093-921-2139,Female,16-Feb-1965
778,"Mcdaniel, Christopher",039-456-1786,Female,3-Nov-1981
779,"Delgadillo, Damian",024-827-2736,Female,8-Dec-1986
780,"Kimble, Keaira",073-267-9514,Male,20-Aug-2003
781,"Johnson, Jarvez",031-932-1289,Female,30-Jan-1986
782,"Martinez, Janti",017-812-2139,Male,13-Oct-1965
783,"Gallegos, Jasmine",052-759-6879,Female,9-Oct-1979
784,"Nguyen, Kendrick",086-824-6378,Male,14-Jul-1951
785,"Vasquez-Lara, Sophia",032-146-7138,Male,9-Jun-2000
786,"Sa, Sam",079-478-9351,Female,26-Dec-2000
787,"Yuan, Phillip",078-628-4293,Male,12-May-1986
788,"Caranza, Bonnie",036-128-6382,Male,22-Apr-1962
789,"Washington, Cristauna",075-143-6294,Male,28-Aug-1987
790,"Kring, Oscar Ivan",075-849-7652,Male,5-Nov-1961
791,"Taylor, Destiny",076-937-6289,Male,29-May-1995
792,"Chen, Abhaya",089-279-5238,Female,1-Jan-1975
793,"Proctor, Tyesha",056-147-5682,Male,6-Mar-1992
794,"Tasker, Eyob",072-749-8257,Female,24-Feb-1987
795,"Yamaguchi, Christophel",071-516-2351,Female,1-Jul-1962
796,"Bond, Dimitrius",047-743-9863,Female,31-Dec-1954
797,"Gonzalez, Samantha",086-693-6438,Male,14-Feb-1969
798,"Shahi, Zachary",027-913-6294,Male,20-Sep-1976
799,"Goetsch, Valeria",038-967-2389,Female,26-May-1977
800,"Berhe, Christopher",097-834-4829,Male,20-Nov-2002
801,"Dominguez, Max",054-162-9765,Male,17-Sep-1970
802,"Thompson, Tin Wan",017-982-5293,Male,18-Feb-1965
803,"Preciado, Elexia",026-596-2831,Male,20-Jun-2000
804,"Harris, Lauren",065-135-7346,Female,29-Mar-2001
805,"Perez-Hernandez, Elizabeth",086-284-2398,Female,7-Apr-1976
806,"Herrera-Alaniz, Jorge",043-421-5627,Female,17-Jan-1957
807,"Spikes, Oluwatobi",062-826-9375,Male,3-Jul-1984
808,"Peters, Jordan",025-912-8749,Male,2-Mar-1959
809,"Broomand, Alaina",071-835-9245,Female,31-May-1978
810,"Varela, Carlos",045-831-7619,Female,20-Jun-1956
811,"Hazel, Ronald",078-978-9657,Female,29-Nov-1985
812,"Davila, Paola",012-537-1372,Female,1-Feb-1953
813,"Hopkins, Megan",023-248-4386,Male,8-Aug-1995
814,"Jimenez, Brandon",083-435-6735,Female,13-Sep-1974
815,"Stampley, Stefan",064-531-1453,Female,9-Apr-1973
816,"Robinson, Dashaun",052-412-6425,Male,18-Jul-1959
817,"Carter, Andrew",053-341-4819,Female,17-Aug-1996
818,"Delgado-Deluna, Emilio",062-625-2418,Male,1-Oct-1979
819,"Lee, Benjamin",039-137-7568,Female,16-Jun-1996
820,"Colangelo, Enedina",067-497-1249,Female,12-Sep-1977
821,"Senz, An",069-128-7824,Female,11-Oct-1955
822,"Spotton, Ryan",042-695-2387,Male,12-May-1963
823,"Jenness, Abhi",065-479-4569,Male,31-Mar-1968
824,"Roaf, Demetri",047-298-2987,Female,25-Dec-1955
825,"Kelly, Tyreque",072-367-5721,Female,18-Aug-1964
826,"Hill, Antonio",019-375-6943,Female,20-Jun-1954
827,"Lesley, Danielle",019-971-2347,Female,13-Jul-1969
828,"Doan, Bao",064-475-6327,Male,8-Aug-1983
829,"Davis, Alana",083-963-7983,Female,15-Oct-1970
830,"Gooden, Sheniqua",086-587-6938,Female,19-Dec-1983
831,"Munnerlyn, Donte",046-651-8126,Female,15-Feb-2002
832,"Nguyen, Yuvann",064-374-3412,Female,5-Aug-1971
833,"Lopez, Andrew",092-581-2478,Male,18-May-1955
834,"Tran, Long",024-728-7518,Male,6-Mar-1979
835,"Ong, Siengthong",083-267-5872,Male,19-Jun-1975
836,"Newsom, Alexa",083-293-2418,Female,18-Feb-2001
837,"Lujan, Fransisca",074-782-4152,Male,4-Aug-1955
838,"Eswaran, Richard",021-961-5136,Male,11-Jan-2000
839,"Gaonkar, Kimberly",071-694-1437,Female,17-Jul-1958
840,"Lee, Steven",089-482-6489,Male,25-Feb-1995
841,"Taylor, Kesean",049-172-9845,Male,24-Oct-1992
842,"Chaney, Isaac",024-798-9367,Female,15-Dec-1979
843,"Mand, Kayla",017-234-5413,Female,15-Dec-1996
844,"Corona, Danielle",078-289-1798,Male,16-Aug-1951
845,"Migaki, Taylor",061-154-8913,Male,31-May-1987
846,"Gomez, Gabriella",038-451-6918,Male,27-Mar-1973
847,"Do, Chouapha",086-291-9853,Male,8-Jul-1986
848,"Elmore, Anasteasia",028-518-6473,Male,29-Apr-2000
849,"Bueno, Jose",098-183-6483,Female,23-Aug-1956
850,"Edwards Jr, Hanlu",025-326-3659,Female,16-Apr-1962
851,"Roland, Phoenix",082-136-2493,Male,9-Jul-1956
852,"Gurrola, Pablo",086-841-5396,Male,19-Nov-1992
853,"Valencia, Yesica",032-469-8134,Male,3-Feb-1968
854,"Erausquin, Rosalba",068-564-4573,Female,28-Jan-1957
855,"Fogg, Emily",067-186-4652,Female,4-Jan-1989
856,"Hamilton, Leon",037-279-7459,Male,19-Nov-1985
857,"James, James",075-236-4183,Male,12-Feb-1955
858,"Blackwell, Te'Aisha",041-285-9541,Male,6-Dec-1966
859,"Esparza, Odalys",027-241-3675,Female,5-Sep-1981
860,"Ruybal, Robert",049-735-4173,Male,23-Sep-1988
861,"Sun, Phoenix",098-236-7968,Male,14-Aug-1957
862,"Stokes, Colton",065-972-1264,Male,2-Oct-1991
863,"Medina, Tatiana",092-162-3241,Female,30-Nov-1964
864,"Martinez, Michelle",085-781-7196,Male,19-Feb-1965
865,"Su'E-Johnson, Keith",034-418-6129,Female,21-Jul-1955
866,"Zachareas, Taryn",037-132-2754,Male,9-Apr-2002
867,"Donovan, Jasmine",096-749-3687,Female,23-Sep-1959
868,"Randolph, Jessica",029-781-5724,Male,14-Nov-1967
869,"Stockwell, Jordan",073-752-4738,Male,6-Nov-1967
870,"Almaguer Durazo, Jaime",059-953-4563,Male,15-Apr-1952
871,"Yamashita, Christopher",026-652-3216,Male,7-Oct-1995
872,"Padilla, Adrian",096-862-2743,Female,27-Jan-1981
873,"Qu, Miles",065-253-9243,Male,27-Sep-1967
874,"Delgado Lucio, Christian",067-293-3946,Female,21-Aug-2003
875,"Barajas Moreno, Breanna",028-658-1963,Male,26-Jan-1976
876,"Smith, Makayla",037-684-4569,Female,7-Jul-2001
877,"Nguyen, Amber",027-591-2546,Female,21-Feb-1957
878,"Avalos, Gabriel",047-972-7428,Male,27-Jul-1956
879,"Moore, Jacqueline",095-385-2543,Male,27-Apr-1976
880,"Moore, Devante",043-369-7534,Male,28-Jan-1966
881,"Garcia, Jose",019-498-3182,Male,17-Nov-1964
882,"Louie, Tina",057-268-9386,Female,20-Aug-1977
883,"Leyva, Josue",065-936-7158,Male,30-Nov-1967
884,"Scott, Angelika",097-926-7381,Female,8-Dec-1992
885,"Pham, Zaeem",028-761-7431,Female,30-Dec-1956
886,"Collins, Robert",018-975-8261,Male,21-Sep-1961
887,"Kijprachakorn, Alyssa",013-429-5769,Male,30-Sep-1983
888,"Phan, Zachariah",042-753-2658,Male,27-Mar-1986
889,"Robinson, Jennifer",043-493-1925,Male,22-Sep-1998
890,"Magsaysay II, Madalyn",056-482-7154,Female,29-Nov-2001
891,"Marks, Rashida",038-341-8432,Female,2-Nov-1990
892,"Hernandez, Andromada",036-547-4165,Female,14-Jul-1981
893,"Lee, Melissa",067-965-4356,Male,13-Aug-1995
894,"Rodriguez, Raya",093-829-1345,Female,17-May-1975
895,"Jara, Dayana",023-582-3471,Female,9-Nov-1974
896,"Gonzales, Shinji",087-861-6731,Female,18-Feb-2003
897,"Shead, Khadijah",051-169-9187,Male,11-May-1973
898,"Salazar, Estephan",025-176-9362,Male,8-Jan-1953
899,"Ruiz, Leonel",091-319-8435,Male,24-Mar-1984
900,"Friend, Elsie",023-925-7182,Male,29-Apr-1988
901,"Deck, Jingo",084-945-8946,Male,19-Dec-1953
902,"Dixon, Donovan",012-713-9546,Female,16-Sep-1973
903,"Allen II, Xavier",081-863-8752,Female,29-Nov-1977
904,"Roces, Winchell",081-953-5234,Female,24-Feb-1988
905,"Groleau, Kimly",024-813-1564,Male,10-Jul-1967
906,"Fruge, Solanus",043-278-4132,Male,10-Aug-1955
907,"Mahon, Dong",025-374-1794,Female,4-Jan-1966
908,"De Guzman, Alan",072-384-9218,Male,7-Feb-1966
909,"Zamora-Fletcher, Kylan",063-913-8634,Male,4-Mar-2002
910,"Lefotu, Janalen",021-496-9267,Female,18-Feb-1972
911,"Ponce, Katherine",021-793-1942,Male,20-Aug-1972
912,"Grove, Charles",079-174-6742,Female,12-Nov-1958
913,"Williams, Karla",082-397-8631,Male,12-Aug-1966
914,"Schlihs, Medha",032-478-1872,Male,24-Mar-2003
915,"Herbst, Sreya",084-851-2643,Male,28-May-1987
916,"Mensah-Bonsu, Samira",034-736-6728,Female,29-Jan-1954
917,"Gresham, Aurielle",089-473-6872,Female,16-Jun-1969
918,"Jackson, Jade",043-392-6519,Male,4-Aug-1992
919,"Nguyen, Doann",069-921-8953,Male,30-Nov-1983
920,"Martz, Miranda",013-568-3814,Male,14-May-1983
921,"Takahashi, Aditya",098-487-5361,Male,11-Oct-1962
922,"Davila, Christopher",013-583-8132,Female,29-Aug-2002
923,"Esparza, Jorge",041-513-7164,Male,10-Sep-1986
924,"Jones, Dawn",012-398-5813,Female,27-Apr-1987
925,"Roda, Edward",043-492-8365,Male,20-Jun-1995
926,"Senethong, Alexis",096-473-4573,Female,15-Nov-1983
927,"Cooper, Jennifer",072-916-2497,Female,29-Dec-1998
928,"Valencia, Omar",038-723-8674,Male,20-Apr-1982
929,"Sandoval, Edgar",083-953-3174,Male,5-Nov-2002
930,"Ramirez Aguilar, Reuben",026-854-8241,Male,15-Feb-1961
931,"Mcwilliams, Thinh",067-287-2549,Female,20-Dec-1982
932,"Spann, Shawnesse",039-147-8936,Female,11-Dec-1971
933,"Farley, Matthew",049-153-5426,Female,31-Jul-2000
934,"Hanzlick, Kuneeshah",023-367-8573,Female,18-Dec-1956
935,"Green, Tyler",046-374-8163,Male,27-Aug-1990
936,"Tate, Trae",071-531-1728,Female,12-Jun-1974
937,"Vo, Alexandria",095-265-3796,Female,22-Nov-1994
938,"Samuels, Justin",057-238-3695,Female,19-Nov-1956
939,"Tieu, Bailey",048-524-1847,Male,25-Jan-1978
940,"Avelar, Marcus",052-831-1762,Male,6-Sep-1986
941,"Lavigne, Anthony",071-574-4237,Female,7-Sep-1984
942,"Pina Morones, Adler",089-371-3682,Female,22-Aug-1976
943,"Sanders, Krizma",068-145-3827,Female,26-Feb-1993
944,"Kim, Brandon",021-289-3849,Male,22-Feb-1968
945,"Cardenas, Leslie",093-864-9475,Male,14-Jun-1982
946,"Sweeney, Elizabeth",086-274-3164,Male,30-Sep-1955
947,"Tran, Bryan",028-617-6724,Male,2-May-1968
948,"Velasco, Diana",023-897-2938,Female,13-Sep-1975
949,"Herrera, Rosa",053-378-2346,Female,30-Apr-1973
950,"Stoveall, Ilgude",082-493-7594,Female,26-Mar-1987
951,"Lawrence, Chad",078-421-2493,Male,9-Jul-1974
952,"Urena, Salina",034-625-5396,Female,27-Jan-1955
953,"Ellison, Miah",053-174-3158,Female,4-Nov-1983
954,"Senters, Jennifer",031-526-7982,Female,2-Jan-1962
955,"Bonner, Shalika",016-859-6492,Male,17-Jul-1952
956,"Field, Tykesha",037-921-1798,Male,30-Dec-2001
957,"Munoz, Maribel",064-375-9271,Male,20-Sep-1988
958,"Rigney, Jeremiah",043-758-9382,Male,2-Oct-1967
959,"Delacruz, Hayden",049-854-9674,Female,10-Mar-1997
960,"Joyce, Joshua",014-352-4235,Female,16-Jul-1992
961,"Tran, Matthew",035-712-9786,Female,23-Jun-1987
962,"Baig, Huy",043-456-7621,Male,22-Aug-1997
963,"Espinoza, Diana",042-461-7835,Female,21-Mar-1957
964,"Hernandez, Lesly",029-897-1732,Male,22-Apr-2000
965,"Ratcliff, Janay",035-925-4571,Male,6-Aug-1985
966,"Sanders-Johnson, Robertoe",049-683-7384,Female,28-Nov-1980
967,"Cordova, Simon",043-816-6735,Female,22-Nov-1965
968,"Milligan, Bobbi",053-367-3946,Female,21-Nov-1961
969,"Yirdaw, Devon",059-965-9685,Male,24-May-1991
970,"Sarmiento, Carlos",034-967-6459,Female,6-Oct-1978
971,"Ramirez-Quevado, Corbin",091-721-8395,Female,10-Aug-1989
972,"Schoon, Monique",056-361-2789,Female,19-Apr-1983
973,"Mays, Maren",087-692-8741,Male,12-Sep-1961
974,"Phan, Sam",047-279-3154,Female,14-Apr-1955
975,"Pham, Parth",016-349-6529,Female,9-Nov-1955
976,"Lorenzo, Andrew",028-198-4769,Male,16-Dec-1990
977,"Chen, Gary",076-197-5421,Female,21-Feb-1963
978,"Aguilar Arevalo, Lauren",026-832-4356,Male,20-Mar-1985
979,"Gomez Pando, Daniel",085-842-3176,Male,28-Sep-1950
980,"Stokes, Abhisaar",063-429-8243,Female,14-Apr-1990
981,"Perkins, Tiffany",064-738-5239,Male,2-Mar-1977
982,"Smith-Dawson, Maurice",049-853-6893,Female,5-Feb-1965
983,"Kennedy, Weiheng",043-326-3451,Male,30-Nov-1986
984,"Behr, Khashayar",085-675-7543,Female,11-Feb-1977
985,"Olsen, Susan",035-382-6472,Male,18-Jul-1961
986,"Milton, Jeremiah",016-759-8752,Male,20-Jul-1997
987,"Cardona, Cristol",041-237-3274,Female,18-Jan-1974
988,"Whitehead, Anjanet",019-317-8179,Female,8-Aug-1998
989,"Tanoue, Noelle",041-456-1379,Male,13-May-2002
990,"Juarez, Jose",086-167-3859,Female,3-Dec-1990
991,"Ahmad, Jaime",035-259-3276,Female,10-Jun-1956
992,"Rodriguez, Peter",094-567-5312,Male,4-Oct-1964
993,"Cannady, Dasha",084-963-6158,Female,23-Mar-1958
994,"Taylor, Angel-Danielle",036-948-8173,Male,23-Mar-1964
995,"Gallegos, Tara",015-475-6781,Male,9-Feb-1955
996,"Zhang, Sebastien",027-348-7149,Male,8-Nov-1979
997,"Chavez, Sakar",053-458-8549,Female,22-Aug-1970
998,"Johnston, Tanay",053-547-7543,Female,20-Jan-1961
999,"Bayarbat, Katie",051-491-3584,Male,14-Feb-1985
1000,"Weaks, Justice",063-156-5916,Female,26-Jul-1964
