employee_id,user_name,password
e_37,Aggrey_112,CEgbG0GOw
e_25,Aguilar_8,bDlJJwBuy
e_102,Armijo_27,tiAgCoz3o
e_6,Bailey_237,0lN7LH7J2
e_14,Barba-Franco_57,Iqf83uh7f
e_22,Barnes_67,qcbMeOYoC
e_49,Behan_195,aiOBhaiQT
e_47,Chaney_182,ySn3fIl7b
e_119,Cheadle_56,zgHyyhp9t
e_70,Chhoeun_190,Zg5OrIKQ7
e_98,Chong_150,uDNJfrrx9
e_34,Christy_286,XCDhDUgPY
e_17,Clark_288,d511XFURh
e_103,Cordova_199,Po9i6ZrVb
e_1,Corral_239,tZSksdWgN
e_50,Cruz_39,PAAPWktdr
e_9,Davila_149,pdmdNWWO4
e_12,Davis-Cawthorn_97,OCczR36on
e_72,Dethouars_287,jBycvTAHk
e_30,Domingo_155,XRKgffiLo
e_99,Donovan_103,N8bihdT0W
e_39,Duran_114,IkaFaJNNw
e_101,Eschino_219,93vVtFpgb
e_45,Fahey_278,KROSzViIt
e_91,Fang_59,rOmA1YFM4
e_104,Garcia_15,O2RyNKZXE
e_13,Glover_221,pbpoWN8De
e_27,Gomez_135,oSixERUFL
e_94,Gonzales_201,BoIA1HE30
e_33,Her_21,1MxHF5jKH
e_69,Hernandez_41,SPwJ7uF43
e_3,Hickey_293,oyZv7XhkR
e_15,Hong_183,sunkx306E
e_75,Hudson_189,HSLXBsvyQ
e_43,Jackson_45,kCpxV1gm5
e_108,Javaid_53,k5Ia0sbXG
e_21,Johnson_227,Eqo9dPjNf
e_120,Johnson_275,PpQQeX0te
e_51,Jones_6,gp56TQcOe
e_40,Kamath_99,8dZXnrXAd
e_48,Kennedy_14,j6kqt73RL
e_89,Kimble_166,RMpSOaIRQ
e_79,Kinney_217,O5gmGdupv
e_36,Knight_32,hKEtrz4nR
e_55,Lee_260,ZnD5EmgrA
e_52,Lopez_238,fPA5adATm
e_19,Lorenzo_24,UNRNb5TYk
e_53,Louie_171,KL0nelhGe
e_105,Mahon_81,RgDMBcbCB
e_87,Majekodunmi_193,BE8CiD2SK
e_74,Malin_270,LfgAgovI6
e_7,Manley_249,bt66c0VcF
e_68,Martinez_13,LfOYP04Eo
e_107,Martinez_70,LJZfbAfRV
e_111,Martinez_89,gVl4bW19w
e_41,Moss_255,FYxJ8glHC
e_118,Naranchuluun_71,HqWextiiS
e_97,Ndekezi_29,4qtLpJA58
e_32,Nguyen_180,lYS1KkmwH
e_84,Nguyen_204,u3Xlyk0Qf
e_46,Ortiz_84,YHvwimfew
e_28,Parmlee_165,SjiQh7WXb
e_44,Parra_17,wETFAEfVd
e_76,Perez_141,WJhi9KXpI
e_5,Perez_77,idQg5fPYi
e_60,Pham_160,tXbGGZg7h
e_11,Pineda_104,Xi4MeMqtJ
e_117,Prom_50,GtEiRXXUj
e_61,Puente_10,aeOXIVlst
e_16,Ramirez-Quevado_66,Q9QAWeyOX
e_10,Richardson_137,ApoO4BW0e
e_8,Rivera_299,ZnUv7TACf
e_112,Robinson_263,WviT1HBXx
e_116,Rojas_292,7OqTW6yz1
e_4,Samad_228,yiyslyQ8c
e_77,Samide_19,rbm4pI32K
e_78,Sanchez Jurado_49,3AJ5Lgnna
e_88,Santarosa_28,IVHYXso9s
e_65,Santos_20,OZxLzoma8
e_38,Santos_265,s7yERu5H8
e_24,Sasser_131,TLk4s4iVY
e_96,Senethong_192,nZUrd5Mkd
e_95,Silva_285,qmzZNxWgL
e_71,Sisco_179,7bzVJdx6q
e_35,Sparks_63,EZ4aKI6Ok
e_31,Su'E-Johnson_161,BgnIqyfue
e_82,Tarango-Rosales_213,IerB2mgVi
e_115,Tejan_118,gGQFujN7q
e_110,Torres Weitzel Jr_38,MAS850ira
e_62,Tufts_85,XZvUDThRq
e_113,Valencia_143,sMYJDDxd7
e_106,Velasco_122,HTRmvnrMV
e_100,Vigil_23,5kgRxRo87
e_66,Vongrith_295,SOqI02yiB
e_93,Vu_46,WRDYXY4I3
e_23,Zahid_184,aBUomyk1l
e_29,Zavala_107,b53gv6JCF
