employee_id,Customer_id,address
emp_35,185,63 Wilson Drive
emp_100,339,23 Fraire Street
emp_53,882,171 Rutherford Blvd
emp_42,560,138 Cavazos Ave
emp_71,230,179 Ahmad Drive
emp_112,889,263 Turner Street
emp_60,563,160 Bacca Blvd
emp_120,415,275 Brown Ave
emp_61,277,10 Gatewood Drive
emp_92,484,94 Gonzalez Street
emp_106,948,122 el-Shad Blvd
emp_18,535,113 Secord Ave
emp_99,867,103 Mack Drive
emp_86,866,164 al-Sami Street
emp_33,445,21 al-Azzi Blvd
emp_76,326,141 el-Noor Ave
emp_48,340,14 Flores Drive
emp_23,603,184 Callaway Street
emp_25,371,8 Robinson Blvd
emp_97,207,29 Chandler Ave
emp_94,443,201 Rasberry-Jenkins Drive
emp_62,352,85 Sharkey Street
emp_11,630,104 Murphy Blvd
emp_63,269,26 Robinson Ave
emp_8,604,299 Rossell-Eddy Drive
emp_83,374,220 al-Rashed Street
emp_45,58,278 Moore Blvd
emp_118,166,71 Brazee Ave
emp_109,803,105 Ludwig Drive
emp_21,759,227 Saenz Street
emp_107,593,70 Nguyen Blvd
emp_67,628,209 Machado Ave
emp_108,635,53 Costandine Drive
emp_64,472,4 Hergett Street
emp_114,710,88 Smith Blvd
emp_105,907,81 Gonzales Ave
emp_68,769,13 Salazar Drive
emp_6,715,237 Johnson Street
emp_7,88,249 Gumataotao Blvd
emp_27,846,135 Vasquez Ave
emp_85,4,231 Lowe Drive
emp_24,123,131 Ochoa Street
emp_9,922,149 Xiong Blvd
emp_78,714,49 Smith Ave
emp_96,926,192 Phonthongsy Drive
emp_14,685,57 Blanco Street
emp_19,582,24 Grimes Blvd
emp_2,243,277 Wu Ave
emp_38,108,265 San Drive
emp_73,410,290 Hall Street
emp_81,672,251 Alegria Blvd
emp_28,305,165 Marrs Ave
emp_89,780,166 Ashworth Drive
emp_95,661,285 Pixley Street
emp_69,756,41 Zheng Blvd
emp_52,833,238 Phillips Ave
emp_12,102,97 Shirley Drive
emp_65,301,20 Christensen Street
emp_31,865,161 el-Abdou Blvd
emp_47,842,182 Caster Ave
emp_4,354,228 Lapaz Drive
emp_41,456,255 Koehn Street
emp_115,70,118 Andrew Blvd
emp_54,281,96 Stuth Ave
emp_29,413,107 Herrera Drive
emp_34,696,286 Villarreal Street
emp_111,439,89 Kirby Blvd
emp_75,62,189 al-Eid Ave
emp_17,404,288 al-Pashia Drive
emp_39,156,114 al-Yousef Street
emp_104,737,15 al-Haider Blvd
emp_77,223,19 Ley Ave
emp_37,455,112 Lopez Drive
emp_80,72,52 al-Rassi Street
emp_58,179,273 Navarro Blvd
emp_90,440,145 L'Hirondelle Ave
emp_1,138,239 Glatz Drive
emp_93,434,46 el-Tamer Street
emp_117,732,50 Wharton Blvd
emp_119,441,56 Poirot Ave
emp_72,327,287 al-Usman Drive
emp_56,235,223 el-Habibi Street
emp_116,308,292 al-Sabet Blvd
emp_55,840,260 Behrendt Ave
emp_82,258,213 al-Zia Drive
emp_32,919,180 Bailey Street
emp_44,701,17 al-Meer Blvd
emp_84,470,204 Kunugi Ave
emp_26,625,153 al-Bashara Drive
emp_51,740,6 Dieyleh Street
emp_3,76,293 Rivas Blvd
emp_110,159,38 Luevano III Ave
emp_88,328,28 Kreeger Drive
emp_66,596,295 Webster Street
emp_103,967,199 Haddock Blvd
emp_40,642,99 Vasquez-Luna Ave
emp_59,939,175 Berry Drive
emp_5,713,77 Pacheco Street
emp_16,971,66 Murad Blvd
emp_10,742,137 Harris Ave
emp_20,244,86 Cao Drive
emp_30,749,155 Roche Street
emp_36,39,32 al-Shakoor Blvd
emp_91,36,59 Hughes Ave
emp_98,338,150 Mcmillion Drive
emp_22,65,67 Best Street
emp_101,35,219 Casillas-Bustos Blvd
emp_79,487,217 Hanscome Ave
emp_50,385,39 Reynoso Drive
emp_13,562,221 Chow Street
emp_49,83,195 al-Hasen Blvd
emp_74,386,270 Justus Ave
emp_102,418,27 Anderson Drive
emp_43,570,45 Quinonez-Sierra Street
emp_46,578,84 al-Shah Blvd
emp_15,294,183 Nelson Ave
emp_113,928,143 Rogers Drive
emp_87,579,193 Wilson Street
emp_57,403,170 Miner Blvd
emp_70,726,190 Merriweather Ave
emp_121,1202,21 Bronkhosrt Ave
emp_122,1342,117 Amperdaar Street
